{
  "qwen2.5-3b-instruct": {
    "internal": {
      "n": 59,
      "pred_drug_total": 63,
      "ref_drug_total": 102,
      "aligned_drug_total": 21,
      "contra_case_total": 4,
      "DEP": 0.3333333333333333,
      "DER": 0.20588235294117646,
      "DUC": 0.14285714285714285,
      "FCF": 0.2619047619047619,
      "CCR": 0.0,
      "GI_prescription_score": 0.3257002801120448
    },
    "external": {
      "n": 23,
      "pred_drug_total": 15,
      "ref_drug_total": 14,
      "aligned_drug_total": 0,
      "contra_case_total": 0,
      "DEP": 0.0,
      "DER": 0.0,
      "DUC": 0.0,
      "FCF": 0.0,
      "CCR": 0.0,
      "GI_prescription_score": 0.1
    },
    "pooled": {
      "n": 82,
      "DEP": 0.2398373983739837,
      "DER": 0.1481348637015782,
      "DUC": 0.10278745644599303,
      "FCF": 0.18844367015098723,
      "CCR": 0.0,
      "GI_prescription_score": 0.2623941039830566
    }
  },
  "qwen2.5-7b-instruct": {
    "internal": {
      "n": 59,
      "pred_drug_total": 59,
      "ref_drug_total": 102,
      "aligned_drug_total": 23,
      "contra_case_total": 4,
      "DEP": 0.3898305084745763,
      "DER": 0.22549019607843138,
      "DUC": 0.30434782608695654,
      "FCF": 0.34782608695652173,
      "CCR": 0.0,
      "GI_prescription_score": 0.3945821954426575
    },
    "external": {
      "n": 23,
      "pred_drug_total": 20,
      "ref_drug_total": 14,
      "aligned_drug_total": 0,
      "contra_case_total": 0,
      "DEP": 0.0,
      "DER": 0.0,
      "DUC": 0.0,
      "FCF": 0.0,
      "CCR": 0.0,
      "GI_prescription_score": 0.1
    },
    "pooled": {
      "n": 82,
      "DEP": 0.2804878048780488,
      "DER": 0.16224294595887137,
      "DUC": 0.21898197242841996,
      "FCF": 0.2502651113467656,
      "CCR": 0.0,
      "GI_prescription_score": 0.31195548208679014
    }
  },
  "deepseek-r1-distill-qwen-1.5b": {
    "internal": {
      "n": 59,
      "pred_drug_total": 36,
      "ref_drug_total": 102,
      "aligned_drug_total": 4,
      "contra_case_total": 4,
      "DEP": 0.1111111111111111,
      "DER": 0.0392156862745098,
      "DUC": 0.0,
      "FCF": 0.0,
      "CCR": 0.25,
      "GI_prescription_score": 0.12173202614379086
    },
    "external": {
      "n": 23,
      "pred_drug_total": 7,
      "ref_drug_total": 14,
      "aligned_drug_total": 0,
      "contra_case_total": 0,
      "DEP": 0.0,
      "DER": 0.0,
      "DUC": 0.0,
      "FCF": 0.0,
      "CCR": 0.0,
      "GI_prescription_score": 0.1
    },
    "pooled": {
      "n": 82,
      "DEP": 0.07994579945799457,
      "DER": 0.02821616451458632,
      "DUC": 0.0,
      "FCF": 0.0,
      "CCR": 0.1798780487804878,
      "GI_prescription_score": 0.1156364578351666
    }
  },
  "deepseek-r1-distill-qwen-7b": {
    "internal": {
      "n": 59,
      "pred_drug_total": 11,
      "ref_drug_total": 102,
      "aligned_drug_total": 0,
      "contra_case_total": 4,
      "DEP": 0.0,
      "DER": 0.0,
      "DUC": 0.0,
      "FCF": 0.0,
      "CCR": 0.25,
      "GI_prescription_score": 0.07500000000000001
    },
    "external": {
      "n": 23,
      "pred_drug_total": 1,
      "ref_drug_total": 14,
      "aligned_drug_total": 0,
      "contra_case_total": 0,
      "DEP": 0.0,
      "DER": 0.0,
      "DUC": 0.0,
      "FCF": 0.0,
      "CCR": 0.0,
      "GI_prescription_score": 0.1
    },
    "pooled": {
      "n": 82,
      "DEP": 0.0,
      "DER": 0.0,
      "DUC": 0.0,
      "FCF": 0.0,
      "CCR": 0.1798780487804878,
      "GI_prescription_score": 0.08201219512195124
    }
  }
}